filename,label
IMG_20210907_234758.jpg,1
IMG_20211016_115231.jpg,1
IMG_20211023_195956.jpg,1
IMG_20211219_171728.jpg,1
IMG_20211219_172516.jpg,1
IMG_20220409_143015.jpg,1
IMG_20220705_073850.jpg,1
IMG_20220705_074105.jpg,1
IMG_20220705_074118.jpg,1
IMG_20220726_232130.jpg,1
IMG_20220825_075326.jpg,1
IMG_20220825_075342.jpg,1
IMG_20230729_114456.jpg,1
IMG_20250924_234519.jpg,1
IMG_20250924_234535.jpg,1
IMG_20251102_100137.jpg,1
IMG_20251102_100209.jpg,1
IMG_20251102_100210.jpg,1
IMG_20251102_100219.jpg,1
IMG_20251102_100226.jpg,1
IMG_20251102_100235.jpg,1
IMG_20251102_100242.jpg,1
IMG_20251102_100321.jpg,1
IMG_20251102_100342.jpg,1
IMG_20251102_100343.jpg,1
IMG_20251102_101508.jpg,1
IMG_20251102_101630.jpg,1
IMG_20251102_101630_1.jpg,1
IMG_20251102_101632.jpg,1
IMG_20251102_101633.jpg,1
IMG_20251102_101644.jpg,1
IMG_20251102_111059.jpg,1
IMG_20251102_111106.jpg,1
IMG_20251102_111114.jpg,1
IMG_20251102_111119.jpg,1
IMG_20251102_111121.jpg,1
IMG_20251102_111127.jpg,1
IMG_20251102_111131.jpg,1
IMG_20251102_111141.jpg,1
IMG_20251102_111319.jpg,1
IMG_20251102_111324.jpg,1
IMG_20251102_111326.jpg,1
IMG_20251102_111339.jpg,1
IMG_20251102_111412.jpg,1
IMG_20251102_111418.jpg,1
IMG_20251102_111425.jpg,1
IMG_20251102_111525.jpg,1
IMG_20251102_111534.jpg,1
IMG_20251102_111540.jpg,1
IMG_20251102_111547.jpg,1
IMG_20251102_111952.jpg,1
IMG_20251102_111958.jpg,1
IMG_20251102_111959.jpg,1
IMG_20251102_112005.jpg,1
IMG_20251102_112204.jpg,1
IMG_20251102_112209.jpg,1
IMG_20251102_112252.jpg,1
IMG_20251102_112744.jpg,1
IMG_20251102_112750.jpg,1
IMG_20251102_112807.jpg,1
IMG_20251102_112829.jpg,1
IMG_20251102_112939.jpg,1
IMG_20251102_112948.jpg,1
IMG_20251102_113009.jpg,1
IMG_20251102_113053.jpg,1
IMG_20251102_113059.jpg,1
IMG_20251102_113127.jpg,1
IMG_20251102_113129.jpg,1
IMG_20251102_113134.jpg,1
PJ_20251001_141732131.jpg,1
PJ_20251001_153142113.jpg,1
PXL_20220806_124114545.MP.jpg,1
PXL_20220806_124135376.jpg,1
PXL_20220806_124145988.MP.jpg,1
PXL_20220816_073520020.jpg,1
00000.png,0
00001.png,0
00002.png,0
00003.png,0
00004.png,0
00005.png,0
00006.png,0
00007.png,0
00008.png,0
00009.png,0
00010.png,0
00011.png,0
00012.png,0
00013.png,0
00014.png,0
00015.png,0
00016.png,0
00017.png,0
00018.png,0
00019.png,0
00020.png,0
00021.png,0
00022.png,0
00023.png,0
00024.png,0
00025.png,0
00026.png,0
00027.png,0
00028.png,0
00029.png,0
00030.png,0
00031.png,0
00032.png,0
00033.png,0
00034.png,0
00035.png,0
00036.png,0
00037.png,0
00038.png,0
00039.png,0
00040.png,0
00041.png,0
00042.png,0
00043.png,0
00044.png,0
00045.png,0
00046.png,0
00047.png,0
00048.png,0
00049.png,0
00050.png,0
00051.png,0
00052.png,0
00053.png,0
00054.png,0
00055.png,0
00056.png,0
00057.png,0
00058.png,0
00059.png,0
00060.png,0
00061.png,0
00062.png,0
00063.png,0
00064.png,0
00065.png,0
00066.png,0
00067.png,0
00068.png,0
00069.png,0
00070.png,0
00071.png,0
00072.png,0
00073.png,0
00074.png,0
00075.png,0
00076.png,0
00077.png,0
00078.png,0
00079.png,0
00080.png,0
00081.png,0
00082.png,0
00083.png,0
00084.png,0
00085.png,0
00086.png,0
00087.png,0
00088.png,0
00089.png,0
00090.png,0
00091.png,0
00092.png,0
00093.png,0
00094.png,0
00095.png,0
00096.png,0
00097.png,0
00098.png,0
00099.png,0
00100.png,0
00101.png,0
00102.png,0
00103.png,0
00104.png,0
00105.png,0
00106.png,0
00107.png,0
00108.png,0
00109.png,0
00110.png,0
00111.png,0
00112.png,0
00113.png,0
00114.png,0
00115.png,0
00116.png,0
00117.png,0
00118.png,0
00119.png,0
00120.png,0
00121.png,0
00122.png,0
00123.png,0
00124.png,0
00125.png,0
00126.png,0
00127.png,0
00128.png,0
00129.png,0
00130.png,0
00131.png,0
00132.png,0
00133.png,0
00134.png,0
00135.png,0
00136.png,0
00137.png,0
00138.png,0
00139.png,0
00140.png,0
00141.png,0
00142.png,0
00143.png,0
00144.png,0
00145.png,0
00146.png,0
00147.png,0
00148.png,0
00149.png,0
00150.png,0
00151.png,0
00152.png,0
00153.png,0
00154.png,0
00155.png,0
00156.png,0
00157.png,0
00158.png,0
00159.png,0
00160.png,0
00161.png,0
00162.png,0
00163.png,0
00164.png,0
00165.png,0
00166.png,0
00167.png,0
00168.png,0
00169.png,0
00170.png,0
00171.png,0
00172.png,0
00173.png,0
00174.png,0
00175.png,0
00176.png,0
00177.png,0
00178.png,0
00179.png,0
00180.png,0
00181.png,0
00182.png,0
00183.png,0
00184.png,0
00185.png,0
00186.png,0
00187.png,0
00188.png,0
00189.png,0
00190.png,0
00191.png,0
00192.png,0
00193.png,0
00194.png,0
00195.png,0
00196.png,0
00197.png,0
00198.png,0
00199.png,0
00200.png,0
00201.png,0
00202.png,0
00203.png,0
00204.png,0
00205.png,0
00206.png,0
00207.png,0
00208.png,0
00209.png,0
00210.png,0
00211.png,0
00212.png,0
00213.png,0
00214.png,0
00215.png,0
00216.png,0
00217.png,0
00218.png,0
00219.png,0
00220.png,0
00221.png,0
00222.png,0
00223.png,0
00224.png,0
00225.png,0
00226.png,0
00227.png,0
00228.png,0
00229.png,0
00230.png,0
00231.png,0
00232.png,0
00233.png,0
00234.png,0
00235.png,0
00236.png,0
00237.png,0
00238.png,0
00239.png,0
00240.png,0
00241.png,0
00242.png,0
00243.png,0
00244.png,0
00245.png,0
00246.png,0
00247.png,0
00248.png,0
00249.png,0
00250.png,0
00251.png,0
00252.png,0
00253.png,0
00254.png,0
00255.png,0
00256.png,0
00257.png,0
00258.png,0
00259.png,0
00260.png,0
00261.png,0
00262.png,0
00263.png,0
00264.png,0
00265.png,0
00266.png,0
00267.png,0
00268.png,0
00269.png,0
00270.png,0
00271.png,0
00272.png,0
00273.png,0
00274.png,0
00275.png,0
00276.png,0
00277.png,0
00278.png,0
00279.png,0
00280.png,0
00281.png,0
00282.png,0
00283.png,0
00284.png,0
00285.png,0
00286.png,0
00287.png,0
00288.png,0
00289.png,0
00290.png,0
00291.png,0
00292.png,0
00293.png,0
00294.png,0
00295.png,0
00296.png,0
00297.png,0
00298.png,0
00299.png,0
00300.png,0
00301.png,0
00302.png,0
00303.png,0
00304.png,0
00305.png,0
00306.png,0
00307.png,0
00308.png,0
00309.png,0
00310.png,0
00311.png,0
00312.png,0
00313.png,0
00314.png,0
00315.png,0
00316.png,0
00317.png,0
00318.png,0
00319.png,0
00320.png,0
00321.png,0
00322.png,0
00323.png,0
00324.png,0
00325.png,0
00326.png,0
00327.png,0
00328.png,0
00329.png,0
00330.png,0
00331.png,0
00332.png,0
00333.png,0
00334.png,0
00335.png,0
00336.png,0
00337.png,0
00338.png,0
00339.png,0
00340.png,0
00341.png,0
00342.png,0
00343.png,0
00344.png,0
00345.png,0
00346.png,0
00347.png,0
00348.png,0
00349.png,0
00350.png,0
00351.png,0
00352.png,0
00353.png,0
00354.png,0
00355.png,0
00356.png,0
00357.png,0
00358.png,0
00359.png,0
00360.png,0
00361.png,0
00362.png,0
00363.png,0
00364.png,0
00365.png,0
00366.png,0
00367.png,0
00368.png,0
00369.png,0
00370.png,0
00371.png,0
00372.png,0
00373.png,0
00374.png,0
00375.png,0
00376.png,0
00377.png,0
00378.png,0
00379.png,0
00380.png,0
00381.png,0
00382.png,0
00383.png,0
00384.png,0
00385.png,0
00386.png,0
00387.png,0
00388.png,0
00389.png,0
00390.png,0
00391.png,0
00392.png,0
00393.png,0
00394.png,0
00395.png,0
00396.png,0
00397.png,0
00398.png,0
00399.png,0
